arc,frame,u,v,conf,err_px
0,88,855.8029350104822,496.05870020964363,177.21835645379866,2.3902175347632664
0,89,876.5859030837005,496.39867841409693,175.61458349227905,2.8969112417825174
0,90,897.1252747252747,497.23736263736265,178.2395805252923,2.0239097318270454
0,91,915.9342857142857,497.7685714285714,126.825926038954,2.4049099435810075
0,92,935.9418604651163,499.7325581395349,119.34949187194408,2.0754429632684115
0,93,954.3089005235602,501.5052356020942,162.76065187280125,1.7619901386358956
0,94,973.0561224489796,503.4515306122449,146.27078538008683,1.0916608908560732
0,95,990.3301587301587,504.7142857142857,108.3824567292866,2.1074703060672
0,96,1009.0337078651686,508.29213483146066,188.11217492258447,0.7086672823021082
0,97,1024.9921465968587,510.75130890052355,186.31943905542767,1.038082725596739
0,98,1041.3359580052493,513.6666666666666,176.44454345129486,2.132325851757155
0,99,1057.0280898876404,516.7780898876405,176.11219910598788,2.3198046930534177
0,100,1072.8398791540785,519.7945619335347,166.69213093651666,1.6730096560465777
0,101,1087.7915057915059,522.1776061776062,204.83654129810824,2.186681846054179
0,102,1102.4,524.4222222222222,192.19444861778848,4.84933494231073
0,103,1118.1363636363637,531.465034965035,131.85125427246092,1.0159012536806808
0,104,1132.4195804195804,536.1363636363636,160.3790796528692,0.9601643073403108
0,105,1145.629893238434,540.2241992882563,152.88746354281142,1.8139589804585832
0,106,1159.0631578947368,544.8526315789474,156.43477866716702,1.481258729534705
0,107,1171.8687943262412,549.436170212766,150.91303902940678,1.5693242278977404
0,108,1184.741134751773,554.7163120567376,151.5792853704194,1.3095289047657237
0,109,1197.1821305841925,554.4948453608248,141.6231931603473,1.516133911476464
0,110,1209.7560137457044,546.4054982817869,143.6925823448948,1.6130607619273818
0,111,1221.7482014388488,538.841726618705,126.13501088297339,1.7054608947485974
0,112,1231.8010204081634,532.219387755102,96.77450741038602,1.4307017643538986
0,113,1244.4146341463415,521.4146341463414,55.120917027292684,3.6328365621384844
0,114,1255.6666666666667,515.060606060606,58.5042728521885,4.158918415587364
0,115,1266.8666666666666,508.3333333333333,62.97916889190674,3.837823457233184
0,116,1281.7103448275861,503.53793103448277,73.51470274083755,2.9978430613048714
0,117,1288.7032967032967,499.88461538461536,107.58359218160433,1.1541731614066197
0,118,1297.247619047619,495.1142857142857,84.33791233943059,2.891382144052854
0,119,1309.5507246376812,487.0,76.72449080798091,3.33172614058001
0,120,1318.6615384615384,482.95384615384614,58.13839435577393,3.327240980809621
0,121,1328.8035714285713,478.55357142857144,64.31868333082933,3.648192871065059
1,173,597.8087167070217,554.7021791767554,116.2431777491714,1.3118415252689162
1,174,576.6395061728396,564.358024691358,108.8530290777033,1.6810826016620586
1,175,556.0272952853599,573.8560794044665,108.60937166213989,2.144094343203087
1,176,535.6876574307305,583.9068010075566,114.0812853733307,1.1369441136912088
1,177,514.7844611528822,584.0726817042606,123.65619684034777,0.9520379279366351
1,178,494.58438287153655,577.1360201511335,114.8008029076361,1.9097535114387434
1,179,476.2704402515723,570.9465408805031,100.13294001988002,1.0876185204940518
1,180,453.40458015267177,562.6145038167939,63.727679456983296,1.4433588512960267
1,181,433.30324909747293,556.4187725631768,67.97500047229585,1.610043546641044
1,182,412.6666666666667,550.8911564625851,77.02546490563287,2.2117109914591535
1,183,392.79872204472844,545.7220447284345,84.29977232298701,2.413925666624411
1,184,372.4985994397759,540.6302521008404,90.67038700498384,1.4586335485807416
1,185,351.85393258426967,535.7780898876405,103.00115507620352,1.675271573233802
1,188,290.97387173396675,522.4204275534441,132.0234407318963,1.8836104513064453
1,189,270.7937219730942,519.4529147982063,158.80238471311682,1.9617796256982798
2,226,812.9879931389365,491.3138936535163,129.11489529079861,2.1257736303876995
2,227,848.2716049382716,496.21516754850086,127.68623594804244,1.8982390435172527
2,228,882.4630996309963,501.5332103321033,128.62406340099517,2.124508101677213
2,229,906.8514492753624,505.8007246376812,117.6990754869249,7.4792104918914895
2,230,930.9183673469388,509.81632653061223,76.46249771118164,19.534887468445543
2,231,952.0,500.0,81.66666412353516,32.202484376209235
2,232,952.0,500.0,81.66666412353516,63.97655820689325
2,233,952.0,500.0,79.66666412353516,91.18113840043894
2,234,952.0,500.0,79.66666412353516,119.87076374162301
2,235,952.0,500.0,79.66666412353516,148.0
2,236,952.0,500.0,79.66666412353516,174.56230979223437
2,237,952.0,500.0,79.66666412353516,199.6121238802894
2,238,952.0,500.0,79.66666412353516,224.07588000496617
2,239,952.0,500.0,79.66666412353516,252.3430205097815
2,240,940.1666666666666,499.5,26.444445292154946,286.43139570313247
2,241,923.0,502.0,69.33333587646484,330.0969554539999
2,242,923.0,502.0,69.33333587646484,355.0
2,243,923.0,502.0,69.33333587646484,378.06480925894175
2,244,923.0,502.0,69.33333587646484,401.21066785418355
2,245,923.0,502.0,69.33333587646484,424.42549405048703
2,246,923.0,502.0,69.33333587646484,445.64672106950366
2,247,923.0,502.0,69.33333587646484,470.02340367262565
2,248,923.0,502.0,69.33333587646484,490.2509561438917
3,339,779.2337398373984,472.3983739837398,96.66062805175781,2.0217121165846708
3,340,775.0,450.5,72.25,48.28301978956991
3,341,775.0,450.5,72.25,85.5409258776172
3,342,775.0,450.5,72.25,121.87801278327441
3,343,775.0,450.5,70.25,159.55641635484295
3,344,775.0,450.5,70.25,196.42110375415368
3,345,775.0,450.5,70.25,229.6001959929477
3,346,775.0,450.0,70.0,263.0532265531065
3,347,775.0,450.0,68.57142639160156,295.4352720986443
3,348,775.0,450.5,67.25,325.7625669103189
3,349,775.0,450.5,67.25,356.175869480233
3,350,775.0,450.5,67.25,383.8049634905729
3,351,775.0,450.5,66.75,411.43802692507654
3,352,775.0,450.5,67.25,438.0904586954617
3,353,775.0,450.5,65.08333587646484,463.94638698884165
3,354,775.0,450.5,65.08333587646484,487.6609990556965
3,355,775.0,450.5,65.08333587646484,509.397928931793
3,356,775.0,450.5,65.08333587646484,534.2202261240209
3,357,775.0,450.5,65.08333587646484,556.9840661993842
3,358,775.0,450.5,65.08333587646484,579.8579567445806
3,362,930.1111111111111,429.22222222222223,40.42500114440918,509.5265291921681
3,365,1448.6363636363637,464.8181818181818,61.46296126754195,4.229960045138872
3,366,1690.6486486486488,529.4864864864865,37.21538543701172,273.12952695608004
4,382,1040.8386363636364,477.9931818181818,155.3913370768229,1.0196671390116199
4,383,1015.734649122807,482.2061403508772,155.38015601748512,1.4937623589173834
4,384,989.8715846994536,486.2568306010929,110.07301286969867,1.7478930295360358
4,385,965.8953771289538,491.22141119221413,123.63985125319401,1.3514407936893884
4,386,947.304347826087,495.8532608695652,117.12254941853043,5.426888288272039
4,387,914.0026666666666,502.41066666666666,110.82222348167782,1.589335570468234
4,388,889.9558498896247,508.85651214128035,146.36992059004936,1.548487628635125
4,389,866.0606741573034,514.7460674157303,148.53703816731772,1.25539964921844
4,390,840.4828431372549,521.718137254902,112.00661315917968,1.3697845058491418
4,391,815.4340909090909,529.2659090909091,113.85990201873307,1.7875978849694107
4,392,791.353711790393,536.1593886462882,112.98946964579417,1.8742897817775575
4,393,766.299504950495,543.8762376237623,98.69856770833333,2.2363049758706066
4,394,741.5955334987593,551.9255583126551,97.35007901473098,2.1135045457297448
4,395,717.0148148148148,560.716049382716,101.32154552560102,2.4873721618004967
4,396,692.5245901639345,569.9672131147541,92.99278351754853,2.0876391050790826
4,397,668.4575163398692,578.6623093681917,119.58204731188322,2.0417326142759396
4,398,646.6301369863014,576.1689497716895,122.61643069326593,1.8680320092273555
4,399,624.371158392435,569.9385342789598,111.8235342775705,1.2337549369094594
4,400,602.1995073891626,563.7660098522167,116.67543747702663,1.4708909221392026
4,401,580.0369458128079,558.3793103448276,140.20036428114946,1.8852342893792495
4,402,557.7785888077859,553.0656934306569,138.4014359340873,0.9601831500059483
4,403,535.4082125603865,548.1207729468599,136.7664909362793,1.9702047332543682
4,404,519.2387387387388,545.9234234234234,104.29613331386021,4.338158239876906
4,405,491.63346613545815,537.8406374501992,84.30059278578986,2.2503612968264566
4,406,469.0877192982456,534.1052631578947,82.5318904798858,1.8967662945434072
4,407,446.8402555910543,530.891373801917,77.12291849454245,2.114668465606712
4,408,424.14736842105265,527.4350877192983,85.00390559434891,1.5718358367891372
4,409,399.52127659574467,524.6515957446809,131.5882395180039,2.821748349971314
5,452,914.8558823529412,423.8058823529412,42.00941245021289,70.81250873068659
5,453,1005.5714285714286,377.2857142857143,68.74999809265137,146.59850766286672
5,455,1200.0,247.0,71.66666412353516,331.7242831026996
6,506,826.0795228628231,558.3041749502983,111.43782659056326,1.6976885712366334
6,507,801.6797235023041,566.2811059907834,94.75356994628906,1.7484775234177174
6,508,776.8507109004739,575.3317535545024,90.22058440878665,2.800579963167611
6,509,752.7111650485436,584.4684466019418,91.6475253797224,2.6295471727067934
6,510,727.7890995260664,593.8270142180095,88.27968378067017,2.1831963307587294
6,511,704.2153846153847,611.4923076923077,52.08571225120908,18.50894554232513
6,512,686.09375,615.875,21.959183673469386,29.04026367067799
6,513,661.1868583162218,580.047227926078,133.30572370405167,1.252586932210019
6,514,639.8503118503119,574.6133056133057,127.91515017422762,1.3947501081722924
6,515,617.0932203389831,569.042372881356,125.13308362458882,2.157441375630985
6,516,594.8995633187773,564.2052401746724,131.4504627900965,1.3574255299408486
6,517,572.3318584070796,559.4778761061947,155.0071245761266,1.6623099398978676
6,518,550.409282700422,555.4535864978903,137.62771455274648,0.8046829458292998
6,519,528.3798283261802,551.5515021459228,135.69968709561846,2.173269952379191
6,520,508.5773480662983,548.5165745856353,101.75574999111365,0.7530145555778198
6,521,483.5935251798561,543.1007194244604,84.75396659891442,1.9422894954236403
6,522,461.75666666666666,540.73,87.17984763943419,2.2830048425509375
7,567,777.0023923444976,506.13157894736844,101.49374742507933,3.125462352189107
7,571,914.1412742382272,511.5540166204986,109.72135670979819,7.009492635633495
7,572,1088.0,530.0,85.66666412353516,131.7459676802292
7,574,1462.5,658.0,69.5,461.97213119407974
7,575,1672.532258064516,768.8354838709678,42.33833262125651,666.7203510417514
8,613,1044.5066371681417,461.28982300884957,171.0234406789144,0.8647301559554703
8,614,1019.2854122621565,464.41014799154334,141.35138683319093,0.6552751721754921
8,615,998.3290322580646,466.6322580645161,157.48275625294653,4.9342397757316645
8,616,965.8129496402878,472.47482014388487,159.49480989977562,3.2300315596926894
8,617,943.4326424870467,475.24870466321244,142.2851280760921,0.941455910058096
8,618,914.554376657825,480.49071618037135,107.8001543916302,1.5327089927239677
8,619,890.2370062370062,485.4948024948025,154.03549528710636,1.523742591789235
8,620,864.1271186440678,490.8601694915254,136.0928392912212,1.435665507555122
8,621,838.4327731092437,496.3781512605042,136.2587683605172,0.8416900857260746
8,622,812.4354166666667,502.26875,136.80482027823464,0.9238403015552671
8,623,787.6659482758621,508.47629310344826,141.54117359834558,0.6211758751717322
8,624,765.2574626865671,512.6753731343283,68.68333206176759,4.654482457838149
8,625,734.274111675127,523.5736040609137,71.0639101186193,0.8418594639583806
8,626,709.7053941908714,530.1514522821577,105.35843421808387,1.5479138963407661
8,627,685.0319361277445,537.2794411177645,109.10651351813983,1.9742012379709053
8,628,660.0753564154786,545.0183299389003,110.52895637031075,1.9831023222246669
8,629,635.0021413276231,553.2676659528908,111.81428415726643,1.732335370549795
9,688,1154.4635761589404,519.4370860927153,136.3223691739534,0.7775748222979224
9,689,1182.8037135278514,523.8700265251989,132.0627435809397,1.6455823823800981
9,690,1211.8219584569733,530.3976261127597,85.09747973530231,1.9888147102247464
9,691,1239.4351585014408,537.1037463976945,92.61428889426865,1.0593943732813278
9,692,1264.8762886597938,542.2010309278351,119.20128777447869,0.8084899962100465
9,693,1287.7774086378738,538.8039867109635,95.76228141784668,2.2312179571877064
9,694,1306.0,535.6,32.87500063578288,9.765244492586975
9,695,1344.2941176470588,515.0588235294117,56.61904834565662,5.9385550419407105
9,696,1365.079207920792,509.43564356435644,56.06136349764737,3.724154472711065
9,697,1384.0,503.0,64.16666412353516,4.242640687119285
9,698,1408.7631578947369,500.36842105263156,51.91447448730469,1.3887657686272143
9,699,1429.1649484536083,491.7216494845361,66.89030425402582,1.526922108530091
9,700,1450.13,485.9,72.47527405455872,2.273081608741733
9,701,1469.6482758620689,482.5241379310345,78.15961192204402,2.4094246183844303
9,702,1534.6666666666667,499.3333333333333,49.62499809265137,53.66770185337014
9,703,1587.1777777777777,506.8888888888889,73.71969743208452,110.86307648804919
9,704,1638.0,530.0,63.66666793823242,187.85632808079689
10,721,1047.4761904761904,475.68831168831167,152.86111520837852,1.4124102252013937
10,722,1021.9192139737992,479.44978165938863,151.41743539880824,1.2127813722085683
10,723,996.7284595300262,483.3655352480418,107.1676718116703,1.6568673007297274
10,724,972.3916083916084,487.7715617715618,146.42206354494448,1.2893477472996093
10,725,945.4277929155313,492.81471389645776,100.07143038795108,1.3161778355399012
10,726,918.24,498.5466666666667,103.90496672245494,0.8849356536557245
10,727,892.9002079002079,504.48232848232846,144.04480542634664,1.5209488152901043
10,728,867.9123173277662,510.5678496868476,150.90676641249118,1.7983626205357373
10,729,843.2475490196078,515.7107843137255,154.83482469831193,1.492735597361193
10,730,816.1463414634146,523.9401330376941,95.79343931770079,1.0699223344252309
10,731,791.389010989011,531.1934065934066,128.4044075012207,1.0118796841073612
10,732,766.1140350877193,538.0109649122807,95.38027642697705,1.9923013279646875
10,733,740.1877828054298,546.1809954751131,94.4792824445452,2.825252005281588
10,734,715.0087527352298,554.417943107221,99.62713963099887,2.582071727880791
10,735,690.8186274509804,561.9975490196078,115.91933244977679,3.007924183086346
10,736,664.6673387096774,572.4233870967741,100.26388580630524,1.6113260938423721
10,737,640.2839756592292,581.5801217038539,106.1031083954047,1.4479974277951337
11,787,784.556886227545,485.9341317365269,122.02180068437443,2.77015204198041
11,790,897.0479041916168,493.88023952095807,137.20979188617906,4.1076665893259054
11,791,950.3250883392226,499.59010600706716,122.76692430178323,7.3488192437283075
11,792,999.8333333333334,504.44444444444446,40.58333206176758,20.88334737370582
11,793,1016.854351687389,506.98401420959146,124.75170434791755,1.531253467751336
11,794,1049.3297682709447,511.427807486631,137.10142398804658,3.098697595111094
11,795,1084.3269961977187,516.6026615969582,116.46052390650699,1.4350892397122266
11,796,1115.474945533769,521.4030501089325,129.14100419021236,1.6810506081286742
11,797,1145.5448028673836,525.0537634408602,130.69696930571868,5.245109170068076
11,798,1178.314769975787,534.2857142857143,88.85135189398254,0.9898203209247763
11,799,1207.5971223021584,540.9880095923262,118.72876118678673,1.089235982072742
11,800,1235.8917647058825,547.9364705882352,103.33786174229212,1.0690227727141328
11,801,1262.4618834080718,554.7354260089686,106.76754680432771,1.3743059503987822
11,802,1290.1019522776573,550.6030368763558,89.91791913025362,2.638130216335913
11,803,1315.85536159601,542.0299251870324,101.54739013372684,1.5004140157446404
11,804,1342.2,536.4,56.58333460489909,3.4928498393145637
11,805,1366.0,520.6363636363636,47.46666615804036,3.81926391592728
11,806,1390.8936170212767,512.6595744680851,83.96875305175782,4.561585025489594
11,807,1416.6764705882354,503.61764705882354,68.27272900668058,5.4893731876307115
11,808,1442.592105263158,498.48026315789474,41.60978868272569,2.886388979935002
11,809,1472.45,497.05,54.32812690734863,6.767939125021784
11,810,1494.0388349514562,486.4466019417476,84.89394068862453,4.327266260872663
11,811,1508.948717948718,480.38461538461536,38.61764851738425,3.6157482995838692
11,812,1528.951724137931,479.5103448275862,71.55882573595234,3.0907017931719585
11,813,1577.95,492.75,69.42613428289239,1474.2502043411764
11,814,1588.8311688311687,492.0,88.14762115478516,59.649974124507935
12,849,628.6967213114754,554.6659836065573,103.27536187655683,1.3680561760713519
12,850,603.2549450549451,563.8659340659341,103.81812201605904,1.356912824745777
12,851,578.1412556053812,573.719730941704,100.59480951482598,1.2880380458983545
12,852,553.2573363431151,583.8306997742663,105.24966424435986,1.1972823440561557
12,853,527.6430155210643,592.8536585365854,121.21052390650698,2.5393283666444604
12,854,500.57716701902746,588.6913319238901,112.9893314584051,1.3752817395818997
12,855,473.70953436807093,581.8137472283814,116.3977429841694,1.2212968195752785
12,856,443.13966480446925,571.804469273743,59.903844526597666,4.288698410152455
12,857,416.9463087248322,566.5838926174497,73.47618905930292,2.4167038786419917
12,858,389.17597765363126,560.9944134078212,80.85252577656448,2.168268988396613
12,862,280.4452380952381,540.0738095238095,75.75308623137298,2.0044875957566175
12,863,253.3409090909091,535.8590909090909,87.70504119616596,1.317601753249157
12,864,226.00238095238095,531.5214285714286,94.94821357727051,2.673590077073634
12,865,198.53530751708428,527.6082004555809,99.37758295638383,2.4365229661059487
13,910,1248.0689655172414,524.551724137931,35.52941240583147,5.936344856029045
13,911,1279.0467532467533,537.0909090909091,83.08403239530675,1.3172416838101932
13,912,1303.9009433962265,544.2924528301887,112.9968244280134,1.3071145381358755
13,913,1328.6410256410256,552.1948717948718,90.94272247408935,1.8404755981404395
13,914,1349.2444444444445,556.5925925925926,94.71538485013521,2.2500602034316515
13,915,1373.7087378640776,548.4660194174758,57.40372779798804,4.316492188880378
13,916,1409.84,531.4,27.933333714803062,4.954351622563735
13,917,1430.2205882352941,525.0441176470588,29.43452399117606,3.0569139967279417
13,918,1459.2093023255813,514.8255813953489,30.113460716834435,7.472728495911414
13,919,1480.4065934065934,509.6208791208791,59.56203337638609,2.4520088789739964
13,920,1498.104347826087,505.1913043478261,70.74660944183488,3.9787051308130987
13,921,1526.7012987012988,497.16883116883116,58.762786865234375,2.9167339301049258
13,922,1553.0,490.0,64.16666412353516,5.830951894845301
13,923,1569.1204188481674,486.23560209424085,63.42948447985527,1.971487502498144
13,924,1583.360655737705,483.2295081967213,71.14141321663904,11.664818578749511
13,925,1579.3076923076924,480.66153846153844,73.67857290773975,8.717444932653427
13,926,1600.5,456.3,46.05555640326606,52.24117150294392
14,1025,1151.6518847006653,520.4279379157427,134.14785230481945,1.6101439247440479
14,1026,1177.605633802817,525.0528169014085,132.42939362702546,3.797219733283274
14,1027,1206.934065934066,534.521978021978,87.78715368690136,1.1682124996723187
14,1028,1232.5116279069769,541.8604651162791,107.45375082937724,1.2397770172335867
14,1029,1257.842995169082,547.072463768116,125.28216765908633,2.1038148160713495
14,1030,1282.4027027027028,540.527027027027,98.68265916201403,1.5894695468827287
14,1031,1301.9857142857143,536.6571428571428,61.70175652754934,7.6066163466352155
14,1032,1336.8,517.6,53.916664123535156,4.753945729601847
14,1033,1362.2372881355932,509.6694915254237,43.81250017339533,5.4067863025303105
14,1034,1387.0092592592594,502.49074074074076,43.23461644099309,6.116173548483745
14,1035,1407.2,498.26666666666665,31.853306352599592,2.3190036174568593
14,1036,1427.563025210084,490.4453781512605,67.12217301588792,2.994852349852262
14,1037,1449.2272727272727,484.8090909090909,60.26666514078776,2.202665552731526
14,1038,1468.8413793103448,480.8137931034483,81.90509301644784,1.173488351378287
14,1039,1489.1458333333333,472.9166666666667,34.296875,4.241054720100716
14,1040,1509.5806451612902,468.19354838709677,35.08333485921224,3.144954501059742
14,1041,1524.0,464.0,68.5,5.0
15,1057,1075.3046092184368,449.2625250501002,141.3476619005203,1.8714666816730898
15,1058,1044.5247148288972,452.91444866920153,156.5257349350873,1.1850391072317024
15,1059,1014.4283054003724,456.75046554934823,152.11381995968702,1.3741073679334261
15,1060,989.9698996655518,459.2274247491639,122.26666842373935,5.690964435594434
15,1061,952.3109048723898,467.3016241299304,142.334137794299,1.47277882606768
15,1062,919.9343065693431,471.51824817518246,96.69444224039714,2.121125684671719
15,1063,890.7401129943503,477.62335216572507,144.3839445538849,1.400964137770643
15,1064,859.3188679245283,484.1924528301887,121.65187587738036,1.0564437210314035
15,1065,828.5947955390335,491.1282527881041,117.75059378487722,0.961318811131597
15,1066,798.311475409836,498.7030965391621,112.27434866768972,1.4683407976330805
15,1067,772.6401098901099,504.7307692307692,86.83255918526356,2.9293560687322113
15,1068,752.0,509.3333333333333,26.53333435058594,15.506271132817352
15,1069,705.6068376068376,525.6260683760684,76.47253983626378,0.5425878055884634
15,1070,677.7656826568266,533.9815498154982,109.00952827816919,2.032005355462264
15,1071,648.4280303030303,543.6723484848485,102.16666353665866,1.3949439006627646
15,1072,618.8180039138944,554.1174168297456,98.48455389795367,0.9011523887634603
15,1073,589.4947589098532,564.930817610063,95.21172515285072,2.1275107853321806
15,1074,560.3194154488518,576.1837160751566,99.18304460230272,1.939608885034886
15,1075,531.7610062893082,587.9433962264151,86.77083672975239,2.192886147042373
15,1076,499.1511627906977,587.6627906976744,98.98714406866776,1.5838728882464934
15,1077,468.51100244498775,581.7261613691932,109.22482657432556,0.560451786088793
15,1078,429.1106719367589,571.6086956521739,59.91711066750919,2.5513214003728186
15,1079,395.58310626702996,566.4523160762943,68.959588832425,2.5815680815539315
15,1083,257.2361809045226,545.0603015075377,75.15175267269737,2.08467020228055
15,1084,222.37557603686636,541.0852534562212,81.43508879009046,2.013990966377098
15,1085,187.65570175438597,537.5833333333334,82.57648086547852,1.9529675413598886
15,1086,152.5610278372591,534.3468950749465,86.83083507537842,2.191665297982207
15,1087,116.76862745098039,531.2745098039215,85.1703871999468,2.7352934148569146
15,1088,81.34831460674157,528.5730337078652,81.13970402600293,3.594662822571639
16,1140,941.0,536.5,73.08333587646484,25.71478174124758
16,1141,952.0,500.0,72.0,61.220911460055866
16,1142,952.0,500.0,74.0,63.25345840347388
16,1143,952.0,500.0,74.66666412353516,65.19202405202648
16,1144,952.0,500.0,77.0,67.26812023536856
16,1145,952.0,500.0,76.33333587646484,69.35416353759881
16,1146,952.0,500.0,76.33333587646484,72.83543093852057
16,1148,952.0,500.0,77.33333587646484,78.49203781276162
16,1149,952.0,500.0,77.33333587646484,81.32035415564789
16,1150,952.0,500.0,77.33333587646484,84.1486779456457
16,1151,952.0,500.0,77.33333587646484,87.68124086713189
16,1152,952.0,500.0,81.0,90.50966799187809
16,1153,952.0,500.0,77.33333587646484,87.78382538941898
16,1154,952.0,500.0,73.33333587646484,86.55634003352961
16,1155,940.5,499.5,37.4375,77.78495998584816
16,1156,922.0,495.0,75.5999984741211,66.85057965343307
16,1157,922.0,495.0,75.80000305175781,65.21502894272147
16,1158,922.0,495.0,78.4000015258789,63.41135544995076
16,1159,922.0,495.0,78.4000015258789,62.48199740725323
16,1160,922.0,495.0,78.80000305175781,61.61980201201558
16,1161,922.0,495.0,78.80000305175781,61.554853586049575
16,1162,922.0,495.0,78.80000305175781,60.8276253029822
16,1163,922.0,495.0,78.80000305175781,60.108235708594876
16,1164,922.0,494.5,82.0,60.48346881586737
17,1173,872.3542857142858,537.0971428571429,214.01777479383682,1.109999080712922
17,1174,871.7613636363636,538.6534090909091,208.6933224826389,1.8296248571137574
17,1175,870.9166666666666,540.0666666666667,225.12380545479908,1.4299378385867707
17,1176,870.4640883977901,542.0718232044198,229.01428702218192,1.0717804855643966
17,1177,870.1675977653631,543.9050279329609,207.18223022460938,1.375448038940153
17,1178,870.2054054054054,541.8756756756757,201.724999109904,0.8042618400606255
17,1179,870.7150837988827,538.6648044692737,212.12946333204,1.365256147003423
17,1180,871.6951871657755,535.7219251336899,199.96874504089357,1.3139201755820906
17,1181,872.2784090909091,533.4602272727273,205.58482360839844,1.7004686094531578
17,1182,872.6034482758621,531.0,218.88572300502233,1.0757570682625084
17,1183,873.1511627906976,528.7732558139535,175.93333384195964,1.4917861461667854
17,1184,874.0632183908046,526.7873563218391,169.1312515258789,1.2142904327711714
17,1185,874.2543352601156,525.4046242774566,173.67707913716634,1.7610336738369818
17,1186,874.8245614035088,523.8771929824561,167.5195317864418,0.21415009852161973
17,1187,875.6138613861386,520.049504950495,272.2617197036743,2.975655233098782
17,1188,875.8875,521.5875,189.07291666666666,1.7980023637359221
17,1189,876.2875816993464,521.0,224.23095310756136,1.2278191377829621
18,1196,880.7551020408164,526.9183673469388,123.85833638509115,3.1727967001461206
18,1197,881.2317880794702,523.4701986754967,187.43334059942336,1.7118532785540037
18,1198,881.5686274509804,524.718954248366,187.28572474888392,1.9209126976170088
18,1199,882.4907975460122,526.1349693251534,157.2062531789144,1.0037754766743003
18,1200,883.1834319526628,528.1775147928994,160.1604175567627,1.1589932233759912
18,1201,884.2795698924731,527.6720430107526,146.41912213493796,1.510790953481696
18,1202,885.6792452830189,524.559748427673,182.3904761178153,1.475536573608449
18,1203,887.3899371069182,521.503144654088,175.9395839691162,0.6315981175660857
18,1204,889.1379310344828,519.1551724137931,209.42443929036457,0.8560132129176536
18,1205,890.6374269005848,516.8538011695906,220.62500871930803,1.2021776121902146
18,1206,892.3823529411765,514.7588235294118,210.80000432332358,1.2987350779770988
18,1207,893.9285714285714,513.6703296703297,171.55881655999946,1.121000316653998
18,1208,895.7430167597765,511.8882681564246,194.85742259025574,0.2802220380778556
18,1209,897.1775147928994,510.5207100591716,229.95477091471355,0.9519457774887232
18,1210,898.9,509.6277777777778,221.277783203125,1.161270589792098
18,1211,900.2155688622754,508.4311377245509,220.34598350524902,0.9689873571213438
18,1212,901.7403314917127,507.8839779005525,202.27498919169108,0.28440967240294485
19,2207,1261.8260869565217,510.84057971014494,45.893381511463836,4.693258470216919
19,2208,1245.154761904762,517.1190476190476,49.216048064055265,3.9719288539526802
19,2209,1226.846625766871,525.0736196319018,145.08461315448469,3.6952280547695135
19,2210,1213.4059040590405,532.789667896679,89.01749354232976,1.8551199485628753
19,2211,1196.904761904762,539.5201465201466,135.9700044250488,1.4829149053869841
19,2212,1183.4959677419354,537.4274193548387,144.07528825239703,0.762821809063624
19,2213,1170.089068825911,531.7894736842105,133.09854572683142,1.5149817045581826
19,2214,1156.5555555555557,526.1196581196581,132.93606091277374,1.6915736990654793
19,2215,1143.831417624521,521.9578544061303,185.82738508496965,2.049092151144875
19,2216,1130.7624113475176,517.8652482269504,177.45516138491422,1.1593575609912876
19,2217,1117.8861209964414,513.7935943060498,165.35422248547644,1.2117685941824334
19,2218,1104.5543859649122,509.940350877193,161.6372501148897,1.1495338758526892
19,2219,1091.0960854092527,506.15658362989325,173.50260106722516,1.236289917749814
19,2220,1077.8355704697988,502.72147651006713,172.6593184377633,1.2890536779794364
19,2221,1064.4653465346535,499.6666666666667,172.34681095796475,1.4365347562049404
19,2222,1050.7425742574258,496.5742574257426,169.54779894211714,1.9010158826634083
19,2223,1037.2322580645161,493.85806451612905,190.36152446971218,1.3760248285638168
20,2255,601.482428115016,553.3833865814696,151.52315270459212,1.6974450215245362
20,2256,588.7820512820513,559.6057692307693,159.47181791417736,1.4111630244323903
20,2257,575.5076452599388,566.4128440366973,127.51800494384766,1.6617693106770637
20,2258,563.2939393939394,573.2060606060606,132.04374504089355,1.8178610828214932
20,2259,549.8902821316615,579.1128526645768,130.9102568667159,1.8903341176171604
20,2260,535.1024096385543,575.9668674698795,137.51416667198563,1.0381958191314367
20,2261,520.1023391812865,570.6374269005848,130.7061990591196,1.6316863659120133
20,2262,505.24022346368713,566.3240223463687,116.91481741446036,1.016959278113184
20,2263,491.41198501872657,563.059925093633,100.39111094156902,0.41632039645211877
20,2264,475.1030042918455,557.4334763948498,59.04166689625493,1.239986880181381
20,2265,459.7088607594937,552.5611814345991,87.90217272835488,2.4561347789375474
20,2266,444.95416666666665,548.8666666666667,85.28571537562779,2.1338256267922935
20,2267,430.1205357142857,545.2232142857143,86.68429408929286,2.779400611908856
20,2268,361.1666666666667,518.1666666666666,39.6,59.71087747545575
20,2269,299.8,506.2,38.75,106.4033834048523
20,2270,245.53846153846155,531.9230769230769,43.000000381469725,139.64098091282463
20,2271,239.84115523465704,559.1064981949459,33.42096607105152,133.0087960347829
21,2292,833.287784679089,482.8944099378882,167.38245456093236,1.315134992607498
21,2293,860.3278350515463,484.12577319587626,144.77863559781952,1.1027593676673564
21,2294,885.682302771855,485.7505330490405,133.19652400546605,2.6330378088609083
21,2295,909.5183246073299,487.3743455497382,128.99653100967407,2.5593273033585984
21,2296,936.174193548387,489.9225806451613,99.95698716905382,1.3574935586243495
21,2297,960.2,492.2923076923077,139.7784973593319,2.481171702593612
21,2298,980.3808049535604,495.05263157894734,146.43697956630163,3.741133479225333
21,2299,1009.9205882352941,499.4794117647059,179.2296424278846,1.9898922785609874
21,2300,1029.7548076923076,502.72596153846155,181.1222381591797,1.7814819349674968
21,2301,1051.3744075829384,506.66824644549763,154.4236118528578,1.6590994928976426
21,2302,1073.2623762376238,510.83168316831683,140.7942729526096,2.0938721447998163
21,2303,1094.458549222798,515.3056994818653,147.03217096889722,2.290573016580848
21,2304,1115.0267379679144,519.9652406417113,159.19583174387614,1.420551270692292
21,2305,1134.2158273381294,523.2338129496403,178.56527735392254,1.932444943713388
21,2306,1155.364238410596,529.9503311258278,110.02231039236814,1.227190915859213
21,2307,1174.359477124183,535.9313725490196,122.4226582845052,1.2458869063577822
21,2308,1192.974921630094,541.4858934169279,134.10294540789948,1.828470510932948
21,2309,1211.3052959501558,547.3052959501557,131.4716422457655,0.7588276049614993
21,2310,1229.0974842767296,550.5880503144654,138.68099305856282,1.4153109547696041
21,2311,1245.1676829268292,544.2530487804878,139.83888373480903,1.9350943836533434
21,2312,1260.4931972789116,537.8707482993198,111.06196202987279,1.2377634675461469
21,2313,1273.073394495413,531.302752293578,100.35555953979491,3.0085169342368947
21,2314,1291.090909090909,520.8686868686868,44.902273178100586,5.132118365197436
21,2315,1306.2348484848485,516.0909090909091,90.02569049337636,3.008033703018274
21,2316,1320.0632183908046,512.6206896551724,83.52354696522589,1.6673502363555621
21,2317,1332.872,506.576,94.80980517817478,3.957292003377998
21,2318,1347.4831460674156,500.685393258427,55.03289348200748,3.6451973477547006
21,2319,1364.900709219858,496.48936170212767,62.53947559155916,2.667317334229398
21,2320,1372.7029702970297,493.0693069306931,59.24494845457751,5.201290814278038
21,2321,1390.3898305084747,489.41525423728814,98.21281738281249,1.63198865123837
21,2322,1401.1704545454545,484.6931818181818,51.03394873348283,4.3521688807929335
22,2354,1054.8901734104047,462.65895953757223,142.37015576136847,1.34553015635125
22,2355,1024.0598130841122,467.30467289719627,144.62194840759443,1.169372146367467
22,2356,993.8233944954128,472.0642201834862,109.22561033502181,1.943819179417841
22,2357,963.1384928716905,477.70875763747455,151.46783161721035,1.5522568637015142
22,2358,932.984555984556,482.1660231660232,74.47368558051048,3.4597524696651583
22,2359,897.7802874743327,491.30595482546204,132.51190112885976,2.325687511447705
22,2360,868.859778597786,498.2472324723247,122.76158517977088,2.0910042688000208
22,2361,838.196261682243,505.91214953271026,115.39820970807756,1.3525582880650442
22,2362,808.3093812375249,513.626746506986,128.03726338952538,0.785030219246208
22,2363,777.6430107526882,523.0924731182796,89.917464826666,2.012988234580258
22,2364,747.6726907630522,531.9518072289156,92.48354053032108,2.0741805524383827
22,2365,717.0873786407767,541.8194174757282,87.82386450334029,2.3638565714675255
22,2366,687.5173041894353,552.3242258652094,91.49270496368409,2.2375445956447746
22,2367,658.8428290766208,562.4047151277014,95.83579170920632,1.9707811572316196
22,2368,629.9664031620554,573.5671936758894,94.7948749248798,1.4332001639447616
22,2369,600.3233532934132,583.4051896207585,110.38124214203252,1.7324176492033132
22,2370,567.5636007827788,579.3972602739726,109.1991904033878,2.916301729084657
22,2371,533.4178217821782,572.0772277227722,101.30232581796572,2.490048421823443
22,2372,500.8469601677149,566.3207547169811,98.48170433974848,2.036999159395316
22,2373,463.66190476190474,556.952380952381,58.65937328338623,3.328435176719472
22,2374,432.4014869888476,552.3903345724907,55.4071421668643,3.65894825367545
22,2375,398.6590257879656,548.1690544412608,65.04343679420737,3.132485370099386
22,2376,353.625,513.0,29.61111111111111,34.90545265427738
22,2377,306.0,471.6666666666667,18.525,74.64434190062751
22,2378,269.3333333333333,435.3333333333333,49.00000190734863,106.59372506025966
22,2379,269.3333333333333,435.3333333333333,49.00000190734863,99.80926254055228
22,2380,270.0,435.0,63.66666793823242,104.4030650891055
22,2381,270.0,435.0,68.66666412353516,104.65180361560904
23,2398,822.4697855750487,483.0974658869396,156.68828437328338,1.0467545852128801
23,2399,851.1719367588933,484.85770750988144,145.16817910495027,2.155608347188091
23,2400,879.541910331384,486.69590643274853,143.15058517456055,1.956191584142887
23,2401,902.8483146067416,488.78932584269666,148.1745715494174,5.292031207983756
23,2402,929.9357798165138,491.4678899082569,129.94374933242798,5.290906103877691
23,2403,960.8224299065421,495.0934579439252,125.32680067673228,1.4860988609237213
23,2404,984.4971590909091,497.7244318181818,101.65200240523727,2.8091434286425834
23,2405,1012.4216867469879,502.5493975903614,164.33960453156502,0.7331362425780836
23,2406,1035.4477272727272,506.1,155.08203843060662,1.0559380499296767
23,2407,1059.146453089245,510.32723112128144,146.92473620774425,1.8779504920175314
23,2408,1082.6514423076924,514.8870192307693,150.5721881614862,1.7485233890798995
23,2409,1105.1624365482232,519.5609137055837,150.9829558170203,1.6650771449181903
23,2410,1126.5993690851735,522.9337539432177,159.10606145969913,2.496225095366253
23,2411,1149.1149068322982,529.2267080745341,105.34814780906395,2.5880766031627624
23,2412,1170.2162162162163,535.003003003003,112.40000368006089,1.2681955810297891
23,2413,1190.9088145896656,540.5714285714286,136.0808161044943,1.4314786430780306
23,2414,1210.8006042296072,546.3534743202417,130.11967143277366,0.6765752935464283
24,2453,1065.9824902723735,455.46108949416345,146.07088205291004,1.844877120783014
24,2454,1032.8135593220338,459.27495291902073,150.36918859703596,1.3904440844454664
24,2455,1002.8640350877193,462.99342105263156,159.26521946833682,1.0157202541334112
24,2456,963.6235294117647,469.35058823529414,146.58035550798687,4.390490510229492
24,2457,937.8479809976247,472.8788598574822,104.10704172852887,2.1614784261581135
24,2458,899.7795275590552,479.9271653543307,128.3081275177002,2.466064078231508
24,2459,869.805504587156,486.21651376146787,110.83503134937243,1.4285202054135275
24,2460,837.8185185185185,493.0462962962963,118.44329536251907,1.5183705890005115
24,2461,805.4644808743169,500.6393442622951,113.80385823152504,2.0516342319935803
24,2462,778.2625,507.0525,104.9001516164602,1.5785000791891326
24,2463,741.9526627218935,514.207100591716,30.612178378634983,3.9348445071530964
24,2464,710.0230607966457,526.9329140461216,80.72125669472724,0.9792398747284882
24,2465,680.2375690607735,535.4456721915285,97.99279147399768,1.7312526890311721
24,2466,649.897233201581,545.203557312253,99.89166710263207,1.7993797112385612
24,2467,619.1176470588235,555.6176470588235,97.41549992061161,1.6399531599353612
24,2468,589.36820083682,566.1673640167364,94.31453909431782,1.8692582762655952
24,2469,559.1970021413276,577.3468950749465,92.11966231163314,1.6648020113286432
24,2470,525.974,575.996,92.20952533540272,2.251375579506889
24,2471,493.48259860788863,569.2900232018561,96.88537061412231,0.858468677494228
24,2472,455.0871212121212,559.6287878787879,44.38333417107078,2.372812051002938
24,2473,418.7204724409449,552.0433070866142,53.92499843779064,3.7334004441738875
24,2474,360.1152416356877,517.7360594795539,58.91008992780719,41.364025112236355
24,2475,306.8333333333333,473.3333333333333,41.666666666666664,82.48720439491748
24,2476,280.6,436.8,52.91666666666667,107.21287236148464
24,2477,272.0,436.0,67.16666412353516,97.62171889492625
24,2478,281.5,436.0,64.75,99.19299370419263
24,2479,282.5,435.5,67.125,104.99761902062352
24,2480,283.4,434.2,54.16666666666667,86.0162775293142
24,2481,284.5,434.5,49.99999809265137,79.03480246068817
24,2482,285.5882352941176,434.6470588235294,47.499999364217125,87.61547002804527
25,2498,837.2442588726514,490.83716075156576,145.63115504132927,1.38684525786596
25,2499,863.428870292887,493.4037656903766,148.79902404585695,1.6804594337695153
25,2500,889.0646551724138,496.11422413793105,163.2470629267332,2.128416895133215
25,2501,912.9747899159664,498.3977591036415,108.02777659098307,2.5823732833258326
25,2502,939.5378378378379,502.3972972972973,125.40284862280318,2.534855629148944
25,2503,963.5135135135135,506.4619164619165,137.54991239659927,0.7253985080563803
25,2504,986.4247787610619,509.5280235988201,107.18687092174183,2.155930536272485
25,2505,1010.268472906404,514.3965517241379,159.39126842587177,0.9483046505769989
25,2506,1032.330864197531,518.6765432098765,171.21323725756477,1.482997167047169
25,2507,1053.6053511705686,521.7458193979933,164.38344458377725,1.8756370490807386
25,2508,1076.1128526645768,527.9592476489029,110.41078763475605,2.1551080070170254
25,2509,1097.217261904762,533.3452380952381,121.27205523322611,1.0204861967044894
25,2510,1118.4504504504505,538.9249249249249,139.70258558207544,1.2073902121757671
25,2511,1138.565349544073,544.3920972644377,141.3113832473755,2.1548951570136095
25,2512,1157.9601226993866,550.1564417177914,127.41379471289459,1.8439895170537726
25,2513,1177.3354037267081,551.1987577639752,133.58061022124778,1.8322033873806958
25,2514,1195.5617283950617,544.3672839506173,127.90328979492188,1.6905158081505802
25,2515,1213.3915857605177,537.8770226537217,114.03571428571429,1.2772024142863927
25,2516,1229.112554112554,531.939393939394,102.67329454421997,2.1650259106603325
25,2517,1247.5121951219512,522.390243902439,56.55514818079331,3.9043440472151687
25,2518,1268.9689119170985,519.2901554404145,72.01111098395454,2.0929628367616657
25,2519,1283.4869888475837,514.089219330855,140.44853173050225,1.0453238109751783
25,2520,1297.2374429223744,509.689497716895,89.42279187370748,3.0576359889893343
25,2521,1306.46875,508.75,59.9537037037037,10.884379934681625
25,2522,1334.0897435897436,499.34615384615387,63.771426246279766,1.9805928890054654
25,2523,1344.352380952381,495.0952380952381,68.50000275505913,5.480693800528047
25,2524,1365.766917293233,491.7518796992481,75.99159240722656,2.8593778357850685
25,2525,1390.75,490.25,39.535714285714285,12.772039774444801
26,2555,1087.0247619047618,465.6552380952381,129.8935609705308,1.3449898633173232
26,2556,1053.4676258992806,469.68345323741005,134.78617184661155,1.4201118129227888
26,2557,1020.7188049209138,474.17574692442884,146.5919294004087,1.5234349225559702
26,2558,986.203947368421,479.0372807017544,111.1997331891741,1.2492110468044477
26,2559,957.2780269058296,484.19730941704034,112.14934451454565,1.509193474673325
26,2560,927.8469387755102,489.4183673469388,75.42420524493602,7.317472087472387
26,2561,887.6060606060606,498.03565062388594,111.88664776345959,1.6950034670134597
26,2562,854.969696969697,505.2602495543672,95.83095349993025,1.2683670825378148
26,2563,822.2707182320441,512.9410681399631,127.2073694273483,1.2857638123986648
26,2564,789.6854838709677,521.4596774193549,99.76280904630335,2.631183564689539
26,2565,757.0518234165067,531.0230326295585,91.23205809159711,1.977646492750573
26,2566,725.2960151802656,540.0740037950665,84.13636301044878,2.0506233217816616
26,2567,693.0770609318996,550.3297491039426,95.99834149481188,3.3664983070852816
26,2568,663.2928709055876,559.9344894026975,109.96662454274562,2.0861705095481886
26,2569,631.2551984877126,571.6578449905483,91.03769154347759,1.5349623324700779
26,2570,600.1899224806201,583.1976744186046,92.77648048018132,1.9760068544306513
26,2571,565.7638095238095,582.84,97.78152101626448,2.488727966938912
26,2572,529.3017077798861,575.0379506641366,100.52325723337572,2.0826064489081118
26,2573,495.23319327731093,568.6302521008404,97.89861568874782,0.43714141134873674
26,2574,456.39923954372625,559.6920152091254,49.55303178927599,2.69901187393379
26,2575,419.64309764309763,553.4511784511784,49.764423883878266,2.887503297643918
26,2576,344.0,549.0,65.5,41.048751503547585
26,2577,243.8235294117647,594.4117647058823,37.19642843518938,114.87574150428439
27,2612,1153.12874251497,531.7395209580839,106.0980349073223,1.5322849018150841
27,2613,1174.09375,537.409375,122.67140355603448,1.0817240651501905
27,2614,1194.0386904761904,542.5654761904761,137.41163635253906,1.726839471594835
27,2615,1213.8085106382978,548.2887537993921,130.50525687722597,0.736572693984974
27,2616,1233.640350877193,550.6081871345029,124.20336968558176,1.437529319387604
27,2617,1252.2405797101449,543.9188405797101,126.68616266975626,2.0950186465982994
27,2618,1269.6815068493152,537.9554794520548,97.3184549240839,1.682096121951023
27,2619,1285.628205128205,536.0,70.14912374396073,5.2315390333497955
27,2620,1307.6138613861385,520.4455445544554,54.44750091552734,3.607073511276628
27,2621,1322.17,515.21,73.62987303630614,5.563542037227655
27,2622,1341.525641025641,510.20512820512823,52.684212017776375,3.8244043165005563
27,2623,1361.689393939394,506.0,48.3304208608774,4.028999846270678
27,2624,1371.408695652174,503.0173913043478,56.93067230096384,4.695273736763139
27,2625,1390.7927927927929,498.3873873873874,70.12695461511612,2.014415220228985
27,2626,1407.8867924528302,492.60377358490564,46.75555470784505,3.3981126837291473
27,2627,1426.0901639344263,490.3360655737705,60.466268024747336,3.3860496009401784
27,2628,1450.0666666666666,487.3333333333333,56.83333396911621,10.413879627155662
28,2656,1067.7945736434108,463.32945736434107,137.24175000840657,1.8498810697872943
28,2657,1036.2709923664122,467.8396946564886,149.40602144654548,1.3703140588968818
28,2658,1007.8817966903073,471.9929078014184,139.21031951904297,1.3385813757410296
28,2659,969.5260869565218,479.1195652173913,146.4976845258548,3.4759700336536046
28,2660,942.3435114503817,483.57251908396944,81.68734374082179,1.468230868145329
28,2661,924.0,487.89473684210526,60.266482803847765,16.518268238394963
28,2662,877.7033582089553,498.66231343283584,124.58963503953888,1.3701830914756097
28,2663,846.5150943396227,506.34150943396224,107.12139476429331,1.727924899149899
28,2664,816.0459290187891,513.901878914405,132.12205924987794,1.099081158693643
28,2665,784.4824742268041,523.4536082474227,92.14523724147251,2.591696806558172
28,2666,754.2367346938776,532.7367346938776,91.38750286102295,2.27561270017171
28,2667,723.6466019417476,542.5980582524272,82.60624582117254,1.4457976522197002
28,2668,693.4552380952381,552.9619047619047,88.07445443194845,2.1096439823881115
28,2669,664.5098039215686,563.4411764705883,85.61822986602783,2.156528494599562
28,2670,635.4308617234469,574.7394789579158,92.62879220033304,1.383051580880044
28,2671,602.8614800759013,576.392789373814,95.01918382866438,1.613168858581584
28,2672,567.5991983967936,568.5490981963928,95.55555771336411,1.5052434915465958
28,2673,531.9730848861284,561.0062111801242,104.1422755584508,0.9941532285643353
28,2674,487.64285714285717,549.9404761904761,61.85714183134191,14.667347889250744
28,2675,462.94444444444446,546.9965277777778,59.95022513963518,2.264530520015135
28,2676,428.251968503937,540.8543307086615,57.60389860078886,3.233386214106291
28,2677,392.37752161383287,536.1556195965418,64.77036922596119,3.274589438869647
28,2678,329.42857142857144,520.8571428571429,56.0,32.36053277733003
28,2679,281.8333333333333,472.0,27.410713740757533,69.98591128061261
28,2680,249.61111111111111,442.3888888888889,58.20454268022017,92.42457719208565
28,2681,258.8333333333333,422.1666666666667,52.72222391764323,100.90617203895683
28,2682,259.0,422.5,79.66666412353516,104.87254168751704
28,2683,260.26666666666665,435.06666666666666,37.425927056206596,88.62096566589395
29,2702,839.6086956521739,472.9792960662526,163.5489808675405,1.0931402531217567
29,2703,866.5042918454935,475.0257510729614,158.74045674006143,1.7850220881807195
29,2704,892.6773504273505,477.6880341880342,164.99672923368564,1.8629697216533445
29,2705,916.8323863636364,479.8125,124.86672345329734,1.6653761898809198
29,2706,944.7890410958904,483.0383561643836,100.98722162461819,0.9845113131915724
29,2707,968.7946859903382,487.04589371980677,173.73897591759177,1.537237995819531
29,2708,991.492795389049,490.35734870317003,112.57439670760739,2.2293427332398204
29,2709,1015.6598173515981,494.84703196347033,159.62289428710938,1.7678871073506244
29,2710,1038.2154963680387,499.3535108958838,165.05208743943106,1.8979993082781113
29,2711,1060.6843434343434,503.7348484848485,137.31996783088235,1.8252562984538394
29,2712,1082.784061696658,508.82262210796915,146.68727182914705,1.6925497505766922
29,2713,1103.8082901554403,513.6113989637306,142.24014577557963,1.8298593365471818
29,2714,1124.8556430446195,518.9527559055118,147.12523701792648,1.5512166305091608
29,2715,1144.2046979865772,522.8892617449665,171.28461475861377,2.770979123101053
29,2716,1165.3249211356467,529.7697160883281,107.17624819233043,2.0783377264347105
29,2717,1185.0221518987341,536.0189873417721,123.6928125851035,0.981262728437631
29,2718,1203.6990595611285,542.0752351097178,131.45798216747636,0.972499485885103
29,2719,1222.0740740740741,548.358024691358,127.00514729817708,1.6436453031722005
29,2720,1240.4760479041915,547.0239520958083,129.45267175745082,1.107788477092537
29,2721,1257.8,539.6935483870968,118.59876091097608,1.7739266661441828
29,2722,1272.645299145299,532.8290598290598,90.38131089643998,2.629775085259324
29,2723,1294.4239130434783,520.8369565217391,48.059524245489214,4.39982492348024
29,2724,1309.8714285714286,516.05,86.78400390625,2.952800469426465
29,2725,1326.2941176470588,510.5098039215686,70.99255902426583,2.5883095651851344
29,2726,1339.9354838709678,504.06451612903226,66.11157377889333,3.624549202297408
29,2727,1361.439393939394,497.7878787878788,45.353147066556495,4.033406187443939
29,2728,1371.0925925925926,494.4259259259259,68.85952671595982,4.212545766888985
29,2729,1390.6,489.2782608695652,78.0708335240682,1.76759317527265
29,2730,1404.235294117647,482.95588235294116,56.39732360839843,4.412377408434568
29,2731,1422.858695652174,480.2391304347826,36.51754385964912,3.328235310724602
29,2732,1432.4642857142858,478.26190476190476,37.57857055664063,3.611933013041977
30,2756,1097.98615916955,381.5847750865052,142.64565133357394,1.740900567310986
30,2759,973.1091811414392,325.85856079404465,35.46450291092778,54.682591121164656
30,2760,840.6666666666666,237.66666666666666,54.0,177.66697936182618
31,2815,870.0253164556962,281.0329113924051,178.31896453068174,2.1987804517696317
31,2816,888.9437340153453,280.42455242966753,172.85991655547042,2.590417890324747
31,2817,907.3167082294265,280.46134663341644,174.67995880390035,2.280553741392538
31,2818,925.2715736040609,280.52284263959393,207.52455833980014,1.6469969282614467
31,2819,942.6745406824147,280.99212598425197,205.88160589810076,2.5344764882248447
31,2820,960.1515957446809,281.88031914893617,187.61333116319446,2.1610838714221217
31,2821,977.6037234042553,283.0691489361702,195.87053189958846,1.6781156202292329
31,2822,993.9342465753425,284.2958904109589,201.32523218790692,2.677933289487604
31,2823,1010.5357142857143,286.00824175824175,168.84034010943245,1.7685352875067246
31,2824,1026.7660167130919,287.9805013927577,177.50653179226876,1.6006536672677398
31,2825,1042.4610951008644,290.1700288184438,180.87443425105167,1.7484508717139235
31,2826,1058.4347826086957,292.6115942028986,179.8622692955865,1.4990468160993642
31,2827,1073.7784431137725,295.30838323353294,199.8978344843938,1.4037574498282193
31,2828,1088.6017964071857,298.3562874251497,181.50961325718808,1.5392657879584173
31,2829,1103.5701219512196,301.5,190.9611741727941,1.5603830096560514
31,2830,1117.889552238806,305.0089552238806,185.2205904792337,1.4883762893215382
31,2831,1131.8562300319488,308.64536741214056,193.1796875,1.7729182688174183
32,3172,1294.4179104477612,527.4925373134329,47.49218899011612,4.54489253092089
32,3173,1277.1859649122807,538.5578947368421,104.35714401116891,0.9263423706978332
32,3174,1262.0204081632653,544.4577259475219,132.98354135521154,1.542409072222755
32,3175,1245.0146627565982,551.841642228739,130.96457014199694,1.1584505698007719
32,3176,1228.8906752411576,557.299035369775,161.2330753405889,0.7094387328885118
32,3177,1215.0553633217994,552.9031141868512,149.29656537373862,1.0982821060582484
32,3178,1201.4745762711864,547.2677966101695,142.5891183923792,0.8725505379360128
32,3179,1188.0343642611683,541.9828178694158,159.2314525711567,1.0177624424321112
32,3180,1174.397810218978,537.2737226277372,149.6649653832321,0.8280892414373417
32,3181,1160.3594306049822,532.1032028469751,131.19117130952722,1.1020772584111151
32,3182,1146.031007751938,527.0852713178294,138.15624948648306,2.1459571065449814
32,3183,1132.2916666666667,522.5227272727273,192.87573820035132,1.6383134077016115
32,3184,1118.7352024922118,519.6635514018692,178.10336208343506,1.3624289249632926
32,3185,1104.797583081571,515.9818731117825,170.61424949266254,1.0380534520811853
32,3186,1090.844512195122,512.4329268292682,164.17200541700052,1.5747681670306513
32,3187,1076.5368098159508,509.2361963190184,181.55176054113053,0.8932755508131431
32,3188,1062.4489795918366,506.5160349854227,170.96945967178,0.7333795917172159
33,3193,990.5055762081785,495.453531598513,132.4555271588839,1.6235822746990534
33,3194,976.7971428571428,495.03714285714284,198.12018871307373,1.2034304707623313
33,3195,962.3864306784661,493.79351032448375,155.00427666688577,1.3535452151497744
33,3196,949.1412639405205,492.7806691449814,140.28000190286076,1.2274865518170714
33,3197,932.7963636363636,492.6545454545454,135.78245639801025,0.4010069969093852
33,3198,919.0147058823529,491.74632352941177,128.48677532489484,1.6128647558267866
33,3199,903.1598746081505,493.0407523510972,237.08015566286835,0.8411132076897827
33,3200,889.8637602179837,493.2316076294278,184.07716620802387,0.7803769046796709
33,3201,875.2348066298342,494.121546961326,178.5262609529896,1.1649895428291552
33,3202,860.6713483146067,495.1741573033708,194.29167132907443,0.8888352433874595
33,3203,846.2028169014085,496.53802816901407,194.3310179533782,0.5045321279377871
33,3204,831.5357142857143,498.1675824175824,184.02505619489548,0.9531423062731367
33,3205,817.0364145658264,500.1904761904762,181.82244364420572,0.8103424083621945
33,3206,802.4459833795014,502.5041551246537,171.89087062411838,0.7435028958893554
33,3207,788.2038043478261,505.07065217391306,180.73148298852237,1.2237707703622878
33,3208,776.1404109589041,507.20205479452056,164.99264900357116,2.1291181547990923
33,3209,759.8982035928144,508.7065868263473,96.57291990915934,3.294986015282175
34,3221,591.3221288515406,571.1260504201681,130.54259084065754,1.106027649745722
34,3222,578.25,577.8233695652174,140.08076829176684,1.2028961634558262
34,3223,564.7875354107649,584.9518413597734,137.0846194927509,2.0591491002872044
34,3224,551.3954154727794,592.2234957020057,135.07692119891826,1.8199782737454606
34,3225,537.7394957983194,598.5714285714286,148.16453385964417,1.452129045788951
34,3226,522.353591160221,595.5662983425415,142.28137336761847,1.5726871369550324
34,3227,506.6459459459459,590.2810810810811,146.44238350322706,0.8013730000266226
34,3228,491.14025974025975,585.2025974025973,136.00000281082956,1.1726057379028667
34,3229,475.6510416666667,580.390625,144.50098818824404,1.6467725431970757
34,3230,460.6312292358804,576.514950166113,99.45135884694923,0.6093153681166972
34,3231,446.81954887218046,570.1353383458646,58.78402508316191,3.3803578105012773
34,3232,428.55849056603773,567.4301886792452,79.51494476069576,0.7978700731406226
34,3233,412.7102473498233,563.8975265017668,89.72933235677084,1.139914212820813
34,3234,397.1164383561644,560.6369863013699,98.73999723307291,1.6243421810415253
34,3236,457.05882352941177,574.2352941176471,29.387499046325683,91.69322253483914
34,3237,483.0,559.0,66.0,132.06059215375342
